rank,alpha,trainable_params,train_time_min,peak_vram_gb,eval_loss,eval_perplexity
Base,-,0,0.0,0.0,15.588194920466496,5886634.031044858
16,32,5046272,2.035433661937714,20.128867328,1.1990704536437988,3.317032154088702
8,16,2523136,1.9109027942021688,21.200720896,1.1981706619262695,3.314048858403328
64,128,20185088,1.9225669781366983,22.505186304,1.2001935243606567,3.3207595084173116
